Time,Inv 1 AC-Leistung (W)
04.12.2019,3309.042W
05.12.2019,167.5701W
06.12.2019,1459.9454W
07.12.2019,1349.0909W
08.12.2019,2480.6001W
09.12.2019,1253.6415W
10.12.2019,2156.009W
11.12.2019,2775.5364W
12.12.2019,264.2212W
13.12.2019,689.1373W
14.12.2019,1604.072W
15.12.2019,1347.2819W
16.12.2019,799.3818W
17.12.2019,367.1W
18.12.2019,603.619W
19.12.2019,997.0093W
20.12.2019,1987.3458W
21.12.2019,63.3069W
22.12.2019,146.9135W
23.12.2019,925.7009W
24.12.2019,2153.3303W
25.12.2019,2088.1482W
26.12.2019,1147.0367W
27.12.2019,404.5364W
28.12.2019,2358.4495W
29.12.2019,1467.0088W
30.12.2019,2154.7981W
31.12.2019,2368.791W
01.01.2020,2418.1492W
02.01.2020,2730.6091W
03.01.2020,1813.3423W
04.01.2020,822.9266W
05.01.2020,2809.8481W
06.01.2020,2792.5576W
07.01.2020,2728.9729W
08.01.2020,2791.5615W
09.01.2020,1792.2192W
10.01.2020,2615.3071W
11.01.2020,2922.2261W
12.01.2020,3066.416W
13.01.2020,2379.1812W
14.01.2020,1739.5664W
15.01.2020,1142.0261W
16.01.2020,2902.8174W
17.01.2020,167.8468W
18.01.2020,46.2703W
19.01.2020,1258.4386W
20.01.2020,1726.687W
21.01.2020,3242.1101W
22.01.2020,3210.4785W
23.01.2020,1189.0603W
24.01.2020,617.0862W
25.01.2020,1304.2844W
26.01.2020,490.8696W
27.01.2020,3175.1111W
28.01.2020,1719.375W
29.01.2020,2252.0166W
30.01.2020,3391.7251W
31.01.2020,991.562W
01.02.2020,3417.7212W
02.02.2020,2770.3008W
03.02.2020,1964.6528W
04.02.2020,561.3197W
05.02.2020,2473.4719W
06.02.2020,2975.6533W
07.02.2020,3148.96W
08.02.2020,3251.6143W
09.02.2020,3341.8015W
10.02.2020,2605.3413W
11.02.2020,3885.2178W
12.02.2020,3026.0615W
13.02.2020,2114.2266W
14.02.2020,3740.969W
15.02.2020,3331.9773W
16.02.2020,3053.2153W
17.02.2020,3253.7197W
18.02.2020,3151.6462W
19.02.2020,1060.4274W
20.02.2020,2886.0676W
21.02.2020,4177.2559W
22.02.2020,3007.5293W
23.02.2020,1810.8646W
24.02.2020,1240.6544W
25.02.2020,3311.8115W
26.02.2020,171.5938W
27.02.2020,3554.9119W
28.02.2020,4185.0576W
29.02.2020,927.6957W
01.03.2020,996.7518W
02.03.2020,2839.8896W
03.03.2020,1297.9781W
04.03.2020,2705.6409W
05.03.2020,3856.9858W
06.03.2020,417.3022W
07.03.2020,2686.6714W
08.03.2020,3496.8057W
09.03.2020,1985.1586W
10.03.2020,3386.1587W
11.03.2020,2980.5137W
12.03.2020,3832.7144W
13.03.2020,380.6966W
14.03.2020,2070.7056W
15.03.2020,4663.5542W
16.03.2020,4491.7617W
17.03.2020,3384.8911W
18.03.2020,3341.9272W
19.03.2020,4300.7632W
20.03.2020,4222.7881W
21.03.2020,950.0608W
22.03.2020,2058.2317W
23.03.2020,4234.1421W
24.03.2020,1535.3856W
25.03.2020,1622.8365W
26.03.2020,199.2671W
27.03.2020,3350.384W
28.03.2020,4171.4238W
29.03.2020,2520.8259W
30.03.2020,1539.9681W
31.03.2020,3301.0254W
01.04.2020,4533.7124W
02.04.2020,4592.0W
03.04.2020,3533.4099W
04.04.2020,2164.1357W
05.04.2020,4418.2393W
06.04.2020,4314.7681W
07.04.2020,4574.9756W
08.04.2020,4494.0601W
09.04.2020,4367.3335W
10.04.2020,3617.4192W
11.04.2020,3805.4338W
12.04.2020,3929.4131W
13.04.2020,2286.0364W
14.04.2020,4241.9639W
21.04.2020,3924.3589W
22.04.2020,4347.4136W
23.04.2020,4280.2915W
24.04.2020,3793.2126W
25.04.2020,3641.3257W
26.04.2020,4017.9258W
27.04.2020,2901.7185W
28.04.2020,3689.0564W
29.04.2020,704.5582W
30.04.2020,3714.9265W
01.05.2020,3053.9431W
02.05.2020,3569.4524W
03.05.2020,2410.9666W
04.05.2020,3779.5027W
05.05.2020,728.1741W
06.05.2020,4357.269W
07.05.2020,4142.187W
08.05.2020,3901.4783W
09.05.2020,2905.2834W
10.05.2020,1853.1946W
11.05.2020,1515.6631W
12.05.2020,1837.6555W
13.05.2020,2757.5444W
14.05.2020,2230.2688W
15.05.2020,1550.0273W
16.05.2020,2237.6667W
17.05.2020,2947.6973W
18.05.2020,3652.7407W
19.05.2020,1377.5598W
20.05.2020,1712.6561W
21.05.2020,2649.1587W
22.05.2020,3715.0688W
23.05.2020,2886.9946W
24.05.2020,3602.8684W
25.05.2020,2348.3069W
26.05.2020,2283.552W
27.05.2020,3573.2407W
28.05.2020,1781.1146W
29.05.2020,2875.0637W
30.05.2020,1340.933W
31.05.2020,1077.615W
01.06.2020,2260.2539W
02.06.2020,3600.7151W
03.06.2020,3072.5928W
04.06.2020,2176.2021W
05.06.2020,1569.5393W
06.06.2020,2723.7693W
07.06.2020,3115.2886W
08.06.2020,909.8192W
09.06.2020,1249.0762W
10.06.2020,1249.4767W
11.06.2020,3266.3806W
12.06.2020,3739.8462W
13.06.2020,3709.4541W
14.06.2020,1967.318W
15.06.2020,715.0942W
16.06.2020,2004.4691W
17.06.2020,2623.364W
18.06.2020,2629.7239W
19.06.2020,2187.5515W
20.06.2020,1097.8817W
21.06.2020,1029.0834W
22.06.2020,4014.7886W
23.06.2020,3590.7817W
24.06.2020,2483.4189W
25.06.2020,1611.6649W
26.06.2020,3477.7283W
27.06.2020,3305.3928W
28.06.2020,2800.2783W
29.06.2020,1249.9163W
30.06.2020,2532.8477W
01.07.2020,2377.0044W
02.07.2020,1780.6196W
03.07.2020,1254.6062W
04.07.2020,3001.2346W
05.07.2020,3643.3538W
06.07.2020,2766.5811W
07.07.2020,2900.907W
08.07.2020,2820.0549W
09.07.2020,3608.2834W
10.07.2020,3611.0674W
11.07.2020,809.0W
12.07.2020,2978.627W
13.07.2020,3004.073W
14.07.2020,3287.0364W
15.07.2020,2776.0156W
16.07.2020,2243.873W
17.07.2020,2608.8564W
18.07.2020,1204.8895W
19.07.2020,2342.5161W
20.07.2020,3172.2827W
21.07.2020,3423.5W
22.07.2020,1999.3423W
23.07.2020,2730.9629W
24.07.2020,1880.3224W
25.07.2020,2424.0332W
26.07.2020,1964.0054W
27.07.2020,3814.2742W
28.07.2020,3276.0486W
29.07.2020,2695.5081W
30.07.2020,3086.0854W
31.07.2020,3679.8423W
01.08.2020,3803.0435W
02.08.2020,1969.0273W
03.08.2020,1212.1182W
04.08.2020,1609.8468W
05.08.2020,1216.1389W
06.08.2020,3378.0723W
07.08.2020,3324.3923W
08.08.2020,3766.8333W
09.08.2020,3277.9944W
10.08.2020,3527.7207W
11.08.2020,2199.7922W
12.08.2020,3343.2769W
13.08.2020,2189.5139W
14.08.2020,1949.3237W
15.08.2020,2146.4229W
16.08.2020,2693.4675W
17.08.2020,2263.3354W
18.08.2020,1805.8284W
19.08.2020,3360.5664W
20.08.2020,3957.8621W
21.08.2020,3850.0813W
22.08.2020,3475.7073W
23.08.2020,2083.4233W
24.08.2020,1050.0358W
25.08.2020,3799.5952W
26.08.2020,3703.1538W
27.08.2020,3779.5029W
28.08.2020,3031.2891W
29.08.2020,2529.4941W
30.08.2020,1818.8735W
31.08.2020,1104.7455W
01.09.2020,2734.1729W
02.09.2020,1528.3394W
03.09.2020,3392.5989W
04.09.2020,3570.594W
05.09.2020,3966.3477W
06.09.2020,1117.1731W
07.09.2020,1477.7405W
08.09.2020,2879.6499W
09.09.2020,4118.0371W
10.09.2020,3060.6875W
11.09.2020,3193.8608W
12.09.2020,3829.5095W
13.09.2020,3542.5669W
14.09.2020,3743.4304W
15.09.2020,3888.6265W
16.09.2020,2912.6299W
17.09.2020,1562.8516W
18.09.2020,3447.0264W
19.09.2020,3153.0974W
20.09.2020,3823.196W
21.09.2020,3774.4768W
22.09.2020,3103.9868W
23.09.2020,2973.1233W
24.09.2020,2684.5034W
25.09.2020,399.3034W
26.09.2020,2630.7605W
27.09.2020,3410.3691W
28.09.2020,356.4234W
29.09.2020,2519.1587W
30.09.2020,3783.5203W
01.10.2020,3883.6807W
02.10.2020,867.3793W
03.10.2020,2167.5378W
04.10.2020,3426.1631W
05.10.2020,2346.0781W
06.10.2020,4097.8286W
07.10.2020,1201.554W
08.10.2020,3859.293W
09.10.2020,3466.2214W
10.10.2020,2559.1785W
11.10.2020,329.5116W
12.10.2020,1024.2408W
13.10.2020,622.6946W
14.10.2020,3333.8696W
15.10.2020,419.5385W
16.10.2020,713.2595W
17.10.2020,1833.4254W
18.10.2020,2469.5789W
19.10.2020,1073.3334W
20.10.2020,2871.3384W
21.10.2020,3060.947W
22.10.2020,3291.1343W
23.10.2020,1547.7046W
24.10.2020,509.4923W
25.10.2020,3638.3691W
26.10.2020,1699.9683W
27.10.2020,209.4488W
28.10.2020,3422.8594W
29.10.2020,1424.5079W
30.10.2020,2325.8818W
31.10.2020,3126.2993W
01.11.2020,1825.063W
02.11.2020,2377.8413W
03.11.2020,872.4309W
04.11.2020,228.3248W
05.11.2020,2683.8853W
06.11.2020,3701.5081W
07.11.2020,3720.4597W
08.11.2020,3759.082W
09.11.2020,438.2101W
10.11.2020,119.1416W
11.11.2020,220.5877W
12.11.2020,493.2672W
13.11.2020,1024.0854W
14.11.2020,2494.3279W
15.11.2020,183.7838W
16.11.2020,210.1035W
17.11.2020,3487.3052W
18.11.2020,3464.2627W
19.11.2020,416.6724W
20.11.2020,1299.8334W
21.11.2020,3594.5339W
22.11.2020,3570.2051W
23.11.2020,783.2174W
24.11.2020,2432.2327W
25.11.2020,243.8333W
26.11.2020,172.7909W
27.11.2020,259.7798W
28.11.2020,1000.2202W
29.11.2020,2822.0266W
30.11.2020,3186.6018W
01.12.2020,2818.0361W
02.12.2020,717.1619W
03.12.2020,4.2277W
04.12.2020,39.3226W
05.12.2020,332.7843W
06.12.2020,97.1455W
07.12.2020,381.6019W
08.12.2020,190.3689W
09.12.2020,1.7629W
10.12.2020,238.5361W
11.12.2020,323.8058W
12.12.2020,210.9174W
13.12.2020,861.463W
14.12.2020,537.213W
15.12.2020,106.9519W
16.12.2020,155.451W
17.12.2020,130.0971W
18.12.2020,544.9143W
19.12.2020,109.6058W
20.12.2020,95.85W
21.12.2020,929.5185W
22.12.2020,589.0582W
23.12.2020,2063.312W
24.12.2020,444.5196W
25.12.2020,318.9208W
26.12.2020,2860.8918W
27.12.2020,914.0095W
28.12.2020,262.6122W
29.12.2020,1103.1333W
30.12.2020,1882.9346W
31.12.2020,2400.9363W
01.01.2021,2044.156W
02.01.2021,471.7981W
03.01.2021,337.6075W
04.01.2021,176.3962W
05.01.2021,2208.5464W
06.01.2021,276.8447W
07.01.2021,2426.0544W
08.01.2021,1571.321W
09.01.2021,3006.8125W
10.01.2021,269.2095W
11.01.2021,2419.9438W
12.01.2021,1538.7947W
13.01.2021,3089.4138W
14.01.2021,3064.1194W
15.01.2021,2558.4695W
16.01.2021,1468.7106W
17.01.2021,2452.4106W
18.01.2021,1092.5259W
19.01.2021,1275.9108W
20.01.2021,3448.1025W
21.01.2021,1171.4425W
22.01.2021,2114.3186W
23.01.2021,279.2832W
24.01.2021,1335.6577W
25.01.2021,2543.874W
26.01.2021,2337.7966W
27.01.2021,2668.3916W
28.01.2021,1676.9269W
29.01.2021,700.4655W
30.01.2021,2657.9917W
31.01.2021,218.4464W
01.02.2021,2795.8689W
02.02.2021,3067.366W
03.02.2021,1573.4471W
04.02.2021,3816.8479W
05.02.2021,2702.448W
06.02.2021,2474.252W
07.02.2021,1342.0164W
08.02.2021,197.2414W
09.02.2021,333.6859W
10.02.2021,436.8824W
11.02.2021,4144.2539W
12.02.2021,2738.1628W
13.02.2021,3853.7344W
14.02.2021,4434.9922W
15.02.2021,4441.8384W
16.02.2021,3091.0542W
17.02.2021,2809.7307W
18.02.2021,4139.6338W
19.02.2021,3315.0903W
20.02.2021,3672.8359W
21.02.2021,1102.7727W
22.02.2021,4075.8308W
23.02.2021,3801.9482W
24.02.2021,3319.5474W
25.02.2021,3611.9927W
26.02.2021,4078.6233W
27.02.2021,4026.554W
28.02.2021,4408.2734W
01.03.2021,4305.688W
02.03.2021,4409.9502W
03.03.2021,4219.3213W
04.03.2021,1940.4316W
05.03.2021,1851.8248W
06.03.2021,4613.2432W
07.03.2021,4595.373W
08.03.2021,3388.3901W
09.03.2021,1228.7676W
10.03.2021,2480.8428W
11.03.2021,1102.4653W
12.03.2021,3019.1328W
13.03.2021,3111.7688W
14.03.2021,398.0142W
15.03.2021,3801.4082W
16.03.2021,3513.6846W
17.03.2021,3665.2954W
18.03.2021,2301.7666W
19.03.2021,3000.592W
20.03.2021,613.3586W
21.03.2021,1152.6345W
22.03.2021,3622.9805W
23.03.2021,3318.8694W
24.03.2021,4590.1621W
25.03.2021,4469.5259W
26.03.2021,4353.6025W
27.03.2021,3870.9934W
28.03.2021,1680.4204W
29.03.2021,3591.4646W
30.03.2021,4201.9175W
31.03.2021,4305.1636W
01.04.2021,4075.2913W
02.04.2021,1800.5477W
03.04.2021,3327.0505W
04.04.2021,3559.5962W
05.04.2021,4171.4844W
06.04.2021,1973.7925W
07.04.2021,2559.2666W
08.04.2021,3518.9753W
09.04.2021,4427.6909W
10.04.2021,3456.7439W
11.04.2021,2428.7976W
12.04.2021,1794.7222W
13.04.2021,674.0671W
14.04.2021,3363.4492W
15.04.2021,3382.0W
16.04.2021,4055.8511W
17.04.2021,2374.9277W
18.04.2021,1087.0123W
19.04.2021,1436.8225W
20.04.2021,2543.8362W
21.04.2021,3267.3896W
22.04.2021,2784.3872W
23.04.2021,4392.2344W
24.04.2021,4276.8564W
25.04.2021,2761.1658W
26.04.2021,1110.5909W
27.04.2021,468.8057W
28.04.2021,1326.1578W
29.04.2021,3583.2146W
30.04.2021,1481.954W
01.05.2021,3358.5593W
02.05.2021,1739.5739W
03.05.2021,2652.0056W
04.05.2021,3885.7666W
05.05.2021,2813.9214W
06.05.2021,1518.0837W
07.05.2021,734.8033W
08.05.2021,4274.1265W
09.05.2021,4131.6611W
10.05.2021,3812.1086W
11.05.2021,3889.5869W
12.05.2021,1196.4254W
13.05.2021,2054.0327W
14.05.2021,2481.1055W
15.05.2021,2162.3169W
16.05.2021,2999.7568W
17.05.2021,1696.067W
18.05.2021,2911.8181W
19.05.2021,1232.5109W
20.05.2021,3826.9038W
21.05.2021,2847.9788W
22.05.2021,823.4706W
23.05.2021,1388.766W
24.05.2021,592.5297W
25.05.2021,579.7396W
26.05.2021,3953.0522W
27.05.2021,1945.9215W
28.05.2021,2992.3926W
29.05.2021,2543.1614W
30.05.2021,2221.9426W
31.05.2021,2252.2009W
01.06.2021,3220.134W
02.06.2021,3194.3042W
03.06.2021,2967.9226W
04.06.2021,3368.6104W
05.06.2021,2858.7473W
06.06.2021,1018.7629W
07.06.2021,2136.9282W
08.06.2021,3364.5847W
09.06.2021,2558.3743W
10.06.2021,2029.366W
11.06.2021,2330.0623W
12.06.2021,2494.5178W
13.06.2021,3338.2063W
14.06.2021,3780.4111W
15.06.2021,3547.6821W
16.06.2021,3381.5796W
17.06.2021,3454.9949W
18.06.2021,3056.2041W
19.06.2021,2735.1633W
20.06.2021,2759.7527W
21.06.2021,3270.6907W
22.06.2021,3239.9031W
23.06.2021,3477.6924W
24.06.2021,3443.0W
25.06.2021,1754.6129W
26.06.2021,2793.75W
27.06.2021,3512.7917W
28.06.2021,3478.665W
29.06.2021,3057.6392W
30.06.2021,2692.8401W
01.07.2021,2028.1589W
02.07.2021,1784.5103W
03.07.2021,3731.8499W
04.07.2021,1565.6083W
05.07.2021,2539.2512W
06.07.2021,3652.9331W
07.07.2021,3443.114W
08.07.2021,3154.9226W
09.07.2021,3077.6855W
10.07.2021,3693.4561W
11.07.2021,3092.8481W
12.07.2021,2509.4507W
13.07.2021,2974.0806W
14.07.2021,3188.0635W
15.07.2021,2727.9841W
16.07.2021,1830.0881W
17.07.2021,1030.2957W
18.07.2021,1547.6787W
19.07.2021,3416.3069W
20.07.2021,3212.1702W
21.07.2021,3437.4043W
22.07.2021,3648.6772W
23.07.2021,3205.6914W
24.07.2021,3156.2461W
25.07.2021,3402.946W
26.07.2021,2945.8655W
27.07.2021,2279.2312W
28.07.2021,3138.8171W
29.07.2021,3753.5054W
30.07.2021,3143.5454W
31.07.2021,2524.5549W
01.08.2021,1008.7W
02.08.2021,2414.8176W
03.08.2021,3206.9282W
04.08.2021,1007.5251W
05.08.2021,1445.6548W
06.08.2021,2981.7166W
07.08.2021,3640.0559W
08.08.2021,848.0278W
09.08.2021,3279.3167W
10.08.2021,3817.6235W
11.08.2021,3525.9607W
12.08.2021,3615.7246W
13.08.2021,3099.8938W
14.08.2021,3206.2671W
15.08.2021,2255.0571W
16.08.2021,2346.5349W
17.08.2021,3434.8555W
18.08.2021,3579.4883W
19.08.2021,3030.4885W
20.08.2021,3687.9414W
21.08.2021,3818.6128W
22.08.2021,2656.5178W
23.08.2021,1687.8024W
24.08.2021,3107.1785W
25.08.2021,4020.8999W
26.08.2021,1693.1428W
27.08.2021,2681.7515W
28.08.2021,2317.5706W
29.08.2021,3374.0W
30.08.2021,1581.6145W
31.08.2021,2501.9404W
01.09.2021,3617.3879W
02.09.2021,3676.4634W
03.09.2021,3538.1091W
04.09.2021,4136.7319W
05.09.2021,3747.3496W
06.09.2021,4029.1829W
07.09.2021,2801.1738W
08.09.2021,3735.6504W
09.09.2021,4136.8325W
10.09.2021,4153.3374W
11.09.2021,4015.6438W
12.09.2021,2914.019W
13.09.2021,3473.9873W
14.09.2021,3447.282W
15.09.2021,3499.5806W
16.09.2021,1598.3182W
17.09.2021,1767.875W
18.09.2021,3040.3333W
19.09.2021,2198.9526W
20.09.2021,626.4865W
21.09.2021,1791.9673W
22.09.2021,2406.9194W
23.09.2021,4175.1963W
24.09.2021,4170.2886W
25.09.2021,4078.6755W
26.09.2021,3961.9731W
27.09.2021,914.9225W
28.09.2021,3454.2417W
29.09.2021,1490.162W
30.09.2021,2333.2378W
01.10.2021,4042.8445W
02.10.2021,2614.6943W
03.10.2021,4026.0W
04.10.2021,4049.7568W
05.10.2021,2836.1538W
06.10.2021,745.9641W
07.10.2021,281.9243W
08.10.2021,500.0292W
09.10.2021,3070.6809W
10.10.2021,342.3577W
11.10.2021,2254.0667W
12.10.2021,781.3696W
13.10.2021,3656.3984W
14.10.2021,2344.5334W
15.10.2021,3910.0803W
16.10.2021,1387.7852W
17.10.2021,3999.0369W
18.10.2021,2481.9563W
19.10.2021,3301.8044W
20.10.2021,3722.3806W
21.10.2021,2291.9607W
22.10.2021,2431.7634W
23.10.2021,3994.4702W
24.10.2021,1653.061W
25.10.2021,3837.0764W
26.10.2021,1016.3409W
27.10.2021,3829.8W
28.10.2021,3652.0076W
29.10.2021,3354.8047W
30.10.2021,3734.3149W
31.10.2021,3378.4307W
01.11.2021,3098.2419W
02.11.2021,1780.6097W
03.11.2021,2229.2847W
04.11.2021,2837.281W
05.11.2021,1295.0W
06.11.2021,3030.8936W
07.11.2021,3290.3225W
08.11.2021,1930.1052W
09.11.2021,3447.082W
10.11.2021,2785.48W
11.11.2021,349.4386W
12.11.2021,205.0351W
13.11.2021,238.1826W
14.11.2021,275.3363W
15.11.2021,511.3305W
16.11.2021,387.9115W
17.11.2021,195.4298W
18.11.2021,2724.8535W
19.11.2021,2319.0671W
20.11.2021,3233.3613W
21.11.2021,3330.8035W
22.11.2021,242.5W
23.11.2021,1602.1466W
24.11.2021,3411.8535W
25.11.2021,2209.0439W
26.11.2021,85.7333W
27.11.2021,109.5102W
28.11.2021,74.3441W
29.11.2021,1880.3392W
30.11.2021,2277.6814W
01.12.2021,1496.7928W
02.12.2021,126.0583W
03.12.2021,1816.0625W
04.12.2021,1939.5272W
05.12.2021,22.534W
06.12.2021,2641.9363W
07.12.2021,2665.0708W
08.12.2021,1542.8198W
09.12.2021,15.8696W
10.12.2021,134.3558W
11.12.2021,242.3942W
12.12.2021,2004.8363W
13.12.2021,890.4771W
14.12.2021,2188.6306W
15.12.2021,611.6339W
16.12.2021,2258.6846W
17.12.2021,2045.6697W
18.12.2021,2499.5454W
19.12.2021,2716.009W
20.12.2021,2654.4866W
21.12.2021,2616.2546W
22.12.2021,438.3273W
23.12.2021,853.7818W
24.12.2021,1217.7686W
25.12.2021,1641.9175W
26.12.2021,134.5446W
27.12.2021,219.1373W
28.12.2021,139.2475W
29.12.2021,2230.6943W
30.12.2021,2167.7964W
31.12.2021,2721.991W
01.01.2022,2253.761W
02.01.2022,2462.5676W
03.01.2022,2165.4814W
04.01.2022,746.3423W
05.01.2022,123.1635W
06.01.2022,2531.0356W
07.01.2022,3244.3394W
08.01.2022,1771.6339W
09.01.2022,1200.1072W
10.01.2022,1275.1982W
11.01.2022,3328.3564W
12.01.2022,3311.4036W
13.01.2022,3123.1379W
14.01.2022,3238.6897W
15.01.2022,3068.0862W
16.01.2022,3169.7119W
17.01.2022,2055.1379W
18.01.2022,3472.6035W
19.01.2022,3351.8135W
20.01.2022,1846.8435W
21.01.2022,3858.3418W
22.01.2022,3290.8462W
23.01.2022,2233.2136W
24.01.2022,118.3894W
25.01.2022,3551.5798W
26.01.2022,466.8898W
27.01.2022,995.34W
28.01.2022,1779.174W
29.01.2022,2076.123W
30.01.2022,3993.9751W
31.01.2022,1017.1138W
01.02.2022,2702.7024W
02.02.2022,2379.5454W
03.02.2022,2843.7097W
04.02.2022,3833.8862W
05.02.2022,3396.0476W
06.02.2022,2514.9753W
07.02.2022,2050.2683W
08.02.2022,3567.1372W
09.02.2022,3820.4761W
10.02.2022,3958.3047W
11.02.2022,2624.1182W
12.02.2022,4246.6016W
13.02.2022,4195.0776W
14.02.2022,4126.3662W
15.02.2022,2350.5681W
16.02.2022,3871.4539W
17.02.2022,3966.6538W
18.02.2022,3920.3608W
19.02.2022,1337.6923W
20.02.2022,2335.3435W
21.02.2022,719.3384W
22.02.2022,3416.5076W
23.02.2022,3998.4478W
24.02.2022,4084.772W
25.02.2022,479.7836W
26.02.2022,2413.9783W
27.02.2022,3727.1396W
28.02.2022,3654.1079W
01.03.2022,4377.8726W
02.03.2022,4473.4102W
03.03.2022,4179.4751W
04.03.2022,2597.4639W
05.03.2022,1233.4214W
06.03.2022,1529.741W
07.03.2022,4007.7832W
08.03.2022,3158.2268W
09.03.2022,4222.4214W
10.03.2022,4274.6782W
11.03.2022,4405.1309W
12.03.2022,4667.7656W
13.03.2022,4506.1484W
14.03.2022,4181.2651W
15.03.2022,1930.9445W
16.03.2022,1743.6107W
17.03.2022,3114.8367W
18.03.2022,1789.1987W
19.03.2022,1297.9597W
20.03.2022,3906.4268W
21.03.2022,4486.5845W
22.03.2022,4486.7778W
23.03.2022,4430.0386W
24.03.2022,4434.7988W
25.03.2022,4073.1741W
26.03.2022,4035.9495W
27.03.2022,4156.6216W
28.03.2022,4138.9492W
29.03.2022,3463.7114W
30.03.2022,1092.6666W
31.03.2022,474.9412W
01.04.2022,1120.5166W
02.04.2022,659.9167W
03.04.2022,2251.6306W
04.04.2022,2189.3313W
05.04.2022,2031.7407W
06.04.2022,4380.6025W
07.04.2022,3327.2036W
08.04.2022,2018.7531W
09.04.2022,726.8025W
10.04.2022,3437.9697W
11.04.2022,4511.1987W
12.04.2022,4404.2529W
13.04.2022,4233.1846W
14.04.2022,4293.3677W
15.04.2022,1905.2275W
16.04.2022,3321.071W
17.04.2022,4450.041W
18.04.2022,2362.1726W
19.04.2022,536.5844W
20.04.2022,4409.4268W
21.04.2022,3766.8843W
22.04.2022,313.0994W
23.04.2022,724.5029W
24.04.2022,3050.4194W
25.04.2022,3067.23W
26.04.2022,1158.7485W
27.04.2022,993.2601W
28.04.2022,2593.8694W
29.04.2022,3188.4971W
30.04.2022,4167.9043W
01.05.2022,1673.4171W
02.05.2022,1968.8693W
03.05.2022,3738.1118W
04.05.2022,3088.7151W
05.05.2022,3031.1685W
06.05.2022,759.0862W
07.05.2022,606.9769W
08.05.2022,1947.5945W
09.05.2022,3344.2556W
10.05.2022,3393.6775W
11.05.2022,3778.0437W
12.05.2022,3327.2131W
13.05.2022,1941.011W
14.05.2022,3850.8171W
15.05.2022,3427.0645W
16.05.2022,2520.1028W
17.05.2022,2474.0989W
18.05.2022,3470.1809W
19.05.2022,3870.2566W
20.05.2022,3538.2258W
21.05.2022,1838.6703W
22.05.2022,3656.7393W
23.05.2022,2386.2913W
24.05.2022,2701.615W
25.05.2022,1581.2222W
26.05.2022,2497.0105W
27.05.2022,3748.4712W
28.05.2022,646.9465W
29.05.2022,811.7031W
30.05.2022,2412.1106W
31.05.2022,3771.2292W
01.06.2022,3423.3855W
02.06.2022,2575.9097W
03.06.2022,2551.8489W
04.06.2022,3424.8376W
05.06.2022,1051.2135W
06.06.2022,3327.3403W
07.06.2022,1959.7151W
08.06.2022,1584.6388W
09.06.2022,586.0695W
10.06.2022,1476.1771W
11.06.2022,2893.2246W
12.06.2022,3015.4236W
13.06.2022,1694.2284W
14.06.2022,3372.2144W
15.06.2022,3482.269W
16.06.2022,1834.9794W
17.06.2022,2933.4314W
18.06.2022,3520.8782W
19.06.2022,3619.0203W
20.06.2022,2659.5938W
21.06.2022,654.5876W
22.06.2022,1537.0481W
23.06.2022,1576.7225W
24.06.2022,1856.5562W
25.06.2022,2860.4336W
26.06.2022,3255.7969W
27.06.2022,3407.6174W
28.06.2022,2960.9534W
29.06.2022,2676.5027W
30.06.2022,2918.4248W
01.07.2022,3126.1123W
02.07.2022,3528.5532W
03.07.2022,3718.9211W
04.07.2022,1846.3673W
05.07.2022,2365.5469W
06.07.2022,3381.0774W
07.07.2022,1433.5566W
08.07.2022,3807.917W
09.07.2022,3218.9897W
10.07.2022,2471.9102W
11.07.2022,3242.9385W
12.07.2022,2563.9739W
13.07.2022,3720.2124W
14.07.2022,2897.4197W
15.07.2022,1206.7074W
16.07.2022,3232.9163W
17.07.2022,3712.2605W
18.07.2022,3656.0364W
19.07.2022,3639.8064W
20.07.2022,3670.679W
21.07.2022,3425.6719W
22.07.2022,3449.5503W
23.07.2022,2828.3635W
24.07.2022,3142.4277W
25.07.2022,3509.4973W
26.07.2022,1933.543W
27.07.2022,1002.8716W
28.07.2022,3516.4624W
29.07.2022,2122.9563W
30.07.2022,1900.9944W
31.07.2022,3355.3999W
01.08.2022,2402.25W
02.08.2022,2552.3298W
03.08.2022,3700.1794W
04.08.2022,3690.2732W
05.08.2022,3144.1667W
06.08.2022,1157.348W
07.08.2022,2625.0225W
08.08.2022,1136.1967W
09.08.2022,3697.8452W
10.08.2022,3134.5586W
11.08.2022,3437.147W
12.08.2022,2866.2529W
13.08.2022,1528.8409W
14.08.2022,3486.2261W
15.08.2022,3543.199W
16.08.2022,2792.324W
17.08.2022,3799.217W
18.08.2022,2806.0342W
19.08.2022,1822.9941W
20.08.2022,1494.7765W
21.08.2022,1117.0291W
22.08.2022,1047.3893W
23.08.2022,1096.8735W
24.08.2022,2775.8765W
25.08.2022,2475.9414W
26.08.2022,3619.2249W
27.08.2022,2845.3835W
28.08.2022,2793.9465W
29.08.2022,2236.8403W
30.08.2022,3380.8071W
31.08.2022,1144.3435W
01.09.2022,1655.5792W
02.09.2022,3212.2195W
03.09.2022,3604.0732W
04.09.2022,3359.6829W
05.09.2022,2022.4136W
06.09.2022,3443.29W
07.09.2022,2883.8875W
08.09.2022,1831.7562W
09.09.2022,1169.405W
10.09.2022,2714.7043W
11.09.2022,2104.2124W
12.09.2022,3807.8735W
13.09.2022,3324.9045W
14.09.2022,3064.8645W
15.09.2022,1250.4667W
16.09.2022,318.8435W
17.09.2022,584.8411W
18.09.2022,2175.0066W
19.09.2022,4159.8506W
20.09.2022,3054.2026W
21.09.2022,3261.448W
22.09.2022,3114.1382W
23.09.2022,4270.3975W
24.09.2022,2995.8354W
25.09.2022,853.8904W
26.09.2022,1415.349W
27.09.2022,609.118W
28.09.2022,2379.8027W
29.09.2022,260.6154W
30.09.2022,1632.5972W
01.10.2022,1665.3103W
02.10.2022,1851.9795W
03.10.2022,1884.8112W
04.10.2022,3975.6257W
05.10.2022,3211.4414W
06.10.2022,3606.3171W
07.10.2022,3556.0986W
08.10.2022,2982.7375W
09.10.2022,687.5036W
10.10.2022,2988.8501W
11.10.2022,3390.5361W
12.10.2022,1861.7246W
13.10.2022,3654.0647W
14.10.2022,2716.5579W
15.10.2022,806.6788W
16.10.2022,3747.3022W
17.10.2022,3632.1606W
18.10.2022,3550.6716W
19.10.2022,3386.6567W
20.10.2022,1289.1204W
21.10.2022,1044.8881W
22.10.2022,318.5263W
23.10.2022,2740.291W
24.10.2022,1123.1591W
25.10.2022,3337.6667W
26.10.2022,1904.6565W
27.10.2022,3594.3589W
28.10.2022,3599.0229W
29.10.2022,3028.8923W
30.10.2022,3088.907W
31.10.2022,3474.125W
01.11.2022,3262.7439W
02.11.2022,2016.8W
03.11.2022,1149.8651W
04.11.2022,88.8167W
05.11.2022,1020.0W
06.11.2022,3645.512W
07.11.2022,3716.3613W
08.11.2022,3513.7983W
09.11.2022,3236.2339W
10.11.2022,403.9106W
11.11.2022,1531.1464W
12.11.2022,1975.625W
13.11.2022,3075.4661W
14.11.2022,2187.8291W
15.11.2022,319.5826W
16.11.2022,433.9076W
17.11.2022,1589.9584W
18.11.2022,390.2328W
19.11.2022,141.3333W
20.11.2022,1965.9915W
21.11.2022,2584.2307W
22.11.2022,367.1892W
23.11.2022,394.1491W
24.11.2022,2596.9043W
25.11.2022,3251.8633W
26.11.2022,1609.5983W
27.11.2022,3236.3914W
28.11.2022,1658.5267W
29.11.2022,213.0741W
30.11.2022,132.1308W
01.12.2022,165.2076W
02.12.2022,247.1143W
03.12.2022,83.8962W
04.12.2022,79.1456W
05.12.2022,348.3394W
06.12.2022,1887.4862W
07.12.2022,1298.9099W
08.12.2022,142.699W
09.12.2022,237.3832W
10.12.2022,49.7822W
11.12.2022,668.972W
12.12.2022,2244.0178W
13.12.2022,2794.0W
14.12.2022,1312.7222W
15.12.2022,1800.6909W
16.12.2022,289.4762W
17.12.2022,706.9725W
18.12.2022,1008.9907W
19.12.2022,276.9906W
20.12.2022,76.1274W
21.12.2022,517.7798W
22.12.2022,1296.7181W
23.12.2022,2489.0818W
24.12.2022,1748.1455W
25.12.2022,2015.6608W
26.12.2022,1615.5765W
27.12.2022,2217.9106W
28.12.2022,2062.1711W
29.12.2022,2602.259W
30.12.2022,784.6389W
31.12.2022,982.3455W
01.01.2023,2419.6758W
02.01.2023,2412.646W
03.01.2023,161.844W
04.01.2023,2595.6577W
05.01.2023,993.2056W
06.01.2023,2594.1379W
07.01.2023,1451.1913W
08.01.2023,1938.4197W
09.01.2023,203.0935W
10.01.2023,1755.5714W
11.01.2023,704.3452W
12.01.2023,2025.2655W
13.01.2023,1047.7028W
14.01.2023,3148.0608W
15.01.2023,605.7105W
16.01.2023,79.75W
17.01.2023,267.5872W
18.01.2023,909.5398W
19.01.2023,322.7787W
20.01.2023,539.8348W
21.01.2023,752.931W
22.01.2023,125.2212W
23.01.2023,83.0935W
24.01.2023,174.7193W
25.01.2023,259.1239W
26.01.2023,176.3214W
27.01.2023,452.6667W
28.01.2023,38.3604W
29.01.2023,526.0818W
30.01.2023,2583.8196W
31.01.2023,3417.6829W
01.02.2023,3367.6453W
02.02.2023,378.1207W
03.02.2023,2247.0W
04.02.2023,2019.376W
05.02.2023,3805.9048W
06.02.2023,1847.3096W
07.02.2023,3984.937W
08.02.2023,1683.9919W
09.02.2023,3873.3438W
10.02.2023,3942.9612W
11.02.2023,2986.5649W
12.02.2023,3342.5308W
13.02.2023,4006.0923W
14.02.2023,3947.4395W
15.02.2023,2879.1526W
16.02.2023,3795.3384W
17.02.2023,2234.6411W
18.02.2023,2999.519W
19.02.2023,3430.2615W
20.02.2023,3485.7368W
21.02.2023,4089.4592W
22.02.2023,3623.5881W
23.02.2023,767.272W
24.02.2023,2951.1912W
25.02.2023,2983.8076W
26.02.2023,1041.313W
27.02.2023,1814.3604W
28.02.2023,1669.8322W
01.03.2023,615.5621W
02.03.2023,857.6522W
03.03.2023,2130.8215W
04.03.2023,4261.9858W
05.03.2023,3766.6458W
06.03.2023,1620.1277W
07.03.2023,126.8804W
08.03.2023,2703.4895W
09.03.2023,3644.1458W
10.03.2023,2703.0547W
11.03.2023,4151.9795W
12.03.2023,3505.1089W
13.03.2023,2653.696W
14.03.2023,916.9149W
15.03.2023,2461.0811W
16.03.2023,4575.188W
17.03.2023,3899.8467W
18.03.2023,4057.4666W
19.03.2023,3184.2954W
20.03.2023,1652.3087W
21.03.2023,3259.0527W
22.03.2023,3542.3594W
23.03.2023,3140.2207W
24.03.2023,1901.6184W
25.03.2023,1047.7358W
26.03.2023,1406.7349W
27.03.2023,2181.8823W
28.03.2023,4459.3726W
29.03.2023,1696.0195W
30.03.2023,1558.6259W
31.03.2023,2103.085W
01.04.2023,2320.2803W
02.04.2023,2102.7913W
03.04.2023,2671.5437W
04.04.2023,4574.1235W
05.04.2023,4575.1289W
06.04.2023,4557.105W
07.04.2023,3756.1667W
08.04.2023,521.4459W
09.04.2023,1407.0247W
10.04.2023,3268.9395W
11.04.2023,1628.4849W
12.04.2023,2858.741W
13.04.2023,609.9434W
14.04.2023,539.4025W
15.04.2023,1000.7939W
16.04.2023,1644.7738W
17.04.2023,2668.3154W
18.04.2023,1075.8988W
19.04.2023,1729.9042W
20.04.2023,2431.1648W
21.04.2023,1657.0116W
22.04.2023,4178.7559W
23.04.2023,2489.5708W
24.04.2023,716.0537W
25.04.2023,2457.0286W
26.04.2023,2560.0454W
27.04.2023,2843.5625W
28.04.2023,1381.4091W
29.04.2023,2714.9441W
30.04.2023,2482.3909W
01.05.2023,2870.866W
02.05.2023,928.6879W
03.05.2023,1148.6384W
04.05.2023,4001.5747W
05.05.2023,3980.7278W
06.05.2023,2858.3203W
07.05.2023,2611.2158W
08.05.2023,1525.7372W
09.05.2023,2318.5217W
10.05.2023,1678.6333W
11.05.2023,390.7667W
12.05.2023,985.7627W
13.05.2023,441.5444W
14.05.2023,545.1074W
15.05.2023,3292.5537W
16.05.2023,472.7069W
17.05.2023,1087.9728W
18.05.2023,1880.8823W
19.05.2023,1961.7729W
20.05.2023,2249.1892W
21.05.2023,2882.3599W
22.05.2023,3329.8254W
23.05.2023,1854.799W
24.05.2023,439.4652W
25.05.2023,3620.1904W
26.05.2023,2854.2642W
27.05.2023,3679.0886W
28.05.2023,3569.9263W
29.05.2023,3080.198W
30.05.2023,2909.3699W
31.05.2023,2497.7083W
01.06.2023,3353.658W
02.06.2023,2980.2761W
03.06.2023,2885.6753W
04.06.2023,1719.7617W
05.06.2023,598.1123W
06.06.2023,1936.1211W
07.06.2023,2447.137W
08.06.2023,1903.8608W
09.06.2023,2687.8W
10.06.2023,1614.1309W
11.06.2023,1364.202W
12.06.2023,2265.8411W
13.06.2023,3264.1082W
14.06.2023,1549.8776W
15.06.2023,2642.4619W
16.06.2023,2766.0613W
17.06.2023,3012.7512W
18.06.2023,3420.9082W
19.06.2023,3109.5796W
20.06.2023,3293.7642W
21.06.2023,2733.022W
22.06.2023,3203.3628W
23.06.2023,1170.3846W
24.06.2023,2166.4949W
25.06.2023,3236.1616W
26.06.2023,3059.1531W
27.06.2023,659.5492W
28.06.2023,2998.4922W
29.06.2023,3596.3469W
30.06.2023,3369.5181W
01.07.2023,1157.9794W
02.07.2023,2053.6565W
03.07.2023,835.0461W
04.07.2023,2215.5876W
05.07.2023,2444.8704W
06.07.2023,2175.4194W
07.07.2023,3251.3264W
08.07.2023,3432.2437W
09.07.2023,3374.8557W
10.07.2023,2777.1709W
11.07.2023,3173.627W
12.07.2023,2605.4556W
13.07.2023,1890.6702W
14.07.2023,3386.5234W
15.07.2023,3541.5544W
16.07.2023,2896.0886W
17.07.2023,2482.3386W
18.07.2023,3054.5W
19.07.2023,1550.1979W
20.07.2023,2379.9946W
21.07.2023,1533.0642W
22.07.2023,1879.7301W
23.07.2023,3445.0054W
24.07.2023,2196.7554W
25.07.2023,834.6264W
26.07.2023,2797.1924W
27.07.2023,3292.7058W
28.07.2023,3371.5435W
29.07.2023,3218.1531W
30.07.2023,3057.7988W
31.07.2023,2544.8262W
01.08.2023,603.6531W
02.08.2023,2271.8804W
03.08.2023,494.9719W
04.08.2023,412.2308W
05.08.2023,280.815W
06.08.2023,2172.7039W
07.08.2023,2195.9282W
08.08.2023,3533.3723W
09.08.2023,1609.6871W
10.08.2023,3269.3743W
11.08.2023,3796.6926W
12.08.2023,3790.6853W
13.08.2023,3666.4294W
14.08.2023,3746.0449W
15.08.2023,3687.1194W
16.08.2023,2703.0801W
17.08.2023,3078.8513W
18.08.2023,2681.9597W
19.08.2023,2938.9656W
20.08.2023,3552.8679W
21.08.2023,3637.948W
22.08.2023,3576.5664W
23.08.2023,2211.5088W
24.08.2023,3105.2236W
25.08.2023,3412.6406W
26.08.2023,3673.4971W
27.08.2023,3444.1006W
28.08.2023,1377.0549W
29.08.2023,509.9057W
30.08.2023,1512.1841W
31.08.2023,2829.8062W
01.09.2023,3461.5244W
02.09.2023,3406.5334W
03.09.2023,1968.3558W
04.09.2023,3555.0667W
05.09.2023,3910.291W
06.09.2023,3624.9878W
07.09.2023,3818.3704W
08.09.2023,3770.2654W
09.09.2023,3816.1492W
10.09.2023,3853.5776W
11.09.2023,3761.6792W
12.09.2023,3413.3608W
13.09.2023,2670.3701W
14.09.2023,1328.6202W
15.09.2023,2254.0891W
16.09.2023,3189.4487W
17.09.2023,3691.9937W
18.09.2023,2271.8896W
19.09.2023,2834.2273W
20.09.2023,3431.6689W
21.09.2023,2949.3921W
22.09.2023,2135.6406W
23.09.2023,444.7872W
24.09.2023,429.1611W
25.09.2023,701.86W
26.09.2023,3500.9866W
27.09.2023,3441.8601W
28.09.2023,3581.906W
29.09.2023,3732.5715W
30.09.2023,2466.6572W
01.10.2023,3423.7095W
02.10.2023,3570.6736W
03.10.2023,3587.7449W
04.10.2023,1446.3217W
05.10.2023,3030.6458W
06.10.2023,3721.6267W
07.10.2023,3263.0071W
08.10.2023,669.2482W
09.10.2023,2391.3188W
10.10.2023,1889.9143W
11.10.2023,3538.8298W
12.10.2023,3234.6116W
13.10.2023,3344.9143W
14.10.2023,3479.2102W
15.10.2023,438.0454W
16.10.2023,3765.3914W
17.10.2023,3017.9778W
18.10.2023,2729.9265W
19.10.2023,1809.7926W
20.10.2023,1319.0461W
21.10.2023,1482.0376W
22.10.2023,3028.2749W
23.10.2023,2787.7144W
24.10.2023,163.6W
25.10.2023,897.8626W
26.10.2023,1510.9W
27.10.2023,1147.45W
28.10.2023,2147.2656W
29.10.2023,1721.1473W
30.10.2023,782.5806W
31.10.2023,203.608W
01.11.2023,3193.2092W
02.11.2023,1131.6666W
03.11.2023,495.1465W
04.11.2023,2910.135W
05.11.2023,2688.8501W
06.11.2023,3023.28W
07.11.2023,2821.6128W
08.11.2023,2888.0081W
09.11.2023,2001.2927W
10.11.2023,224.6581W
11.11.2023,1269.8488W
12.11.2023,2198.2952W
13.11.2023,968.6334W
14.11.2023,1017.975W
15.11.2023,1407.1583W
16.11.2023,963.475W
17.11.2023,691.9474W
18.11.2023,964.6949W
19.11.2023,1337.0513W
20.11.2023,591.4483W
21.11.2023,207.0251W
22.11.2023,952.0531W
23.11.2023,1217.4562W
24.11.2023,318.531W
25.11.2023,1160.9224W
26.11.2023,1226.6228W
27.11.2023,933.7679W
28.11.2023,896.3091W
29.11.2023,1126.9386W
30.11.2023,238.3491W
01.12.2023,166.4762W
02.12.2023,1.1489W
03.12.2023,49.0152W
04.12.2023,56.6414W
05.12.2023,157.2477W
06.12.2023,16.0674W
07.12.2023,635.9541W
08.12.2023,1149.9733W
09.12.2023,400.0W
10.12.2023,853.6953W
11.12.2023,492.3874W
12.12.2023,687.6697W
13.12.2023,50.9604W
14.12.2023,815.6168W
15.12.2023,1010.3604W
16.12.2023,750.4091W
17.12.2023,738.9823W
18.12.2023,632.6757W
19.12.2023,645.3514W
20.12.2023,520.5585W
21.12.2023,470.1574W
22.12.2023,86.5W
23.12.2023,1414.4205W
24.12.2023,695.5849W
25.12.2023,336.6881W
26.12.2023,896.0826W
27.12.2023,684.0721W
28.12.2023,724.4545W
29.12.2023,700.7091W
30.12.2023,868.0708W
31.12.2023,570.4182W
01.01.2024,779.4954W
02.01.2024,619.0909W
03.01.2024,706.9099W
04.01.2024,863.5625W
05.01.2024,371.1376W
06.01.2024,95.8627W
07.01.2024,282.7477W
08.01.2024,228.6667W
09.01.2024,192.7048W
10.01.2024,948.5398W
11.01.2024,907.386W
12.01.2024,1179.9115W
13.01.2024,956.0522W
14.01.2024,303.6429W
15.01.2024,921.1376W
16.01.2024,818.5862W
17.01.2024,740.2432W
18.01.2024,1021.0367W
19.01.2024,470.6637W
20.01.2024,1104.3474W
21.01.2024,1091.1526W
22.01.2024,1167.7826W
23.01.2024,982.3167W
24.01.2024,800.62W
25.01.2024,741.0918W
26.01.2024,876.5339W
27.01.2024,1355.7852W
28.01.2024,1389.8099W
29.01.2024,1458.0909W
30.01.2024,1449.9918W
31.01.2024,1353.7623W
01.02.2024,665.1464W
02.02.2024,1095.8347W
03.02.2024,1708.3969W
04.02.2024,1092.8966W
05.02.2024,1186.2347W
06.02.2024,1850.7222W
07.02.2024,1854.064W
08.02.2024,2121.312W
09.02.2024,928.9344W
10.02.2024,1124.4678W
11.02.2024,313.8197W
12.02.2024,1279.3521W
13.02.2024,2312.8818W
